﻿id,teks_asli,teks_bersih,label,label_id,skor,kata_kunci,username,waktu,tipe,likes
240,kang ibam sumedangna palih mana ? Abi barudak simamaung oge yeuh 😂,kang ibam sumedangna palih mana ? abi barudak simamaung oge yeuh,Netral,1,0,,@ibamhariri,1h,Reply,0
401,perubahan teh beuki kolot we hungkul,perubahan teh beuki kolot we hungkul,Netral,1,0,,@oeing_ogi,3h,Reply,1
97,"belum ada perubahan jalan di cigintung masjh jelek, dari jaman wakil bupati pa erwan janji 1 taun mau di perbaiki sampai sekarang masih belum di perbaiki","belum ada perubahan jalan di cigintung masjh jelek, dari jaman wakil bupati pa erwan janji 1 taun mau di perbaiki sampai sekarang masih belum di perbaiki",Negatif,0,-2,"jelek, belum",,3h,Komentar,4
381,Kaget,kaget,Netral,1,0,,,4h,Komentar,0
227,😂😂😂😂,,Netral,1,0,,,1h,Komentar,0
289,"Stadion Ahmad Yani kitu kitu keneh, jiga lapangan adu bagong komo mun hujan #izinnnnnnnn🙇🏻‍♂️🙏🏻","stadion ahmad yani kitu kitu keneh, jiga lapangan adu bagong komo mun hujan",Negatif,0,-1,kitu keneh,,2h,Komentar,19
500,"Banyak omon"",.jalan pasirhuni -jingkang ancur @. Pa donyahmad.munir","banyak omon ,.jalan pasirhuni -jingkang ancur . pa donyahmad.munir",Negatif,0,-1,ancur,,5h,Komentar,4
365,Hese GAWE...😂😂😂😂😂,hese gawe..,Netral,1,0,,,3h,Komentar,0
140,tapi nu katampi damel khusus keluarga nya bu,tapi nu katampi damel khusus keluarga nya bu,Netral,1,0,,@irma.dewi.agustin,4h,Reply,4
453,"info loker ada di instagram disnakertrans sumedang, job fair mini juga diadakan per triwulan","info loker ada di instagram disnakertrans sumedang, job fair mini juga diadakan per triwulan",Netral,1,0,,@ade_wana_,4h,Reply,0
477,"1. Galian masih ber-operasi 2. Birokrasi semakin ruwet 3. Orang kaya di prioritaskan 4. Insan musa creative diabaikan, akhirnya banyak yang berkreasi diluar Sumedang 5. Kawasan alun-alun berantakan 6. Jalanan ke daerah terpencil rusak rusak tapi selalu di abaikan. Masih banyak sih. Tapi ya udah.","1. galian masih ber-operasi 2. birokrasi semakin ruwet 3. orang kaya di prioritaskan 4. insan musa creative diabaikan, akhirnya banyak yang berkreasi diluar sumedang 5. kawasan alun-alun berantakan 6. jalanan ke daerah terpencil rusak rusak tapi selalu di abaikan. masih banyak sih. tapi ya udah.",Negatif,0,-2,"berantakan, galian",,5h,Komentar,299
107,kumaha kang?,kumaha kang?,Netral,1,0,,@fajarhermansah,2h,Reply,0
259,Eweuh perubahan,eweuh perubahan,Netral,1,0,,,2h,Komentar,0
275,"apal tihang nu di alun alun? Anu Aya drone an eta ge asalnya te izin KA pemilik tanah ngerakeun anjir 😹 Kade pak di serang buzzerna, urang ge pernah di DM wkwkwk samaruk sieun tapi di nyaankeun mah no respon wkwk","apal tihang nu di alun alun? anu aya drone an eta ge asalnya te izin ka pemilik tanah ngerakeun anjir kade pak di serang buzzerna, urang ge pernah di dm wkwkwk samaruk sieun tapi di nyaankeun mah no respon wkwk",Negatif,0,-2,"wkwkwk, wkwk",@resta666,12m,Reply,0
380,🤭🤭🤭,,Netral,1,0,,@_galeribuevi,8m,Reply,0
271,pelan pelan mas Agus 😭,pelan pelan mas agus,Netral,1,0,,@afy_910,27m,Reply,0
428,😂😂😂,,Netral,1,0,,,4h,Komentar,0
333,Saha eta?,saha eta?,Netral,1,0,,,3h,Komentar,0
113,TERNAK BUZZEERRRRR,ternak buzzeerr,Netral,1,0,,,1h,Komentar,1
308,Evolusi jadi Akun Dinas Kegelapan 🔥,evolusi jadi akun dinas kegelapan,Netral,1,0,,,3h,Komentar,0
68,pin komentar na min pin,pin komentar na min pin,Netral,1,0,,@rizkagunawan,25m,Reply,0
38,waduliyah,waduliyah,Netral,1,0,,@izanmaulana_,2h,Reply,3
27,"padahal di pusat kota posisi na, mun dibenahi terus luar stadion dijadikeun Pujasera","padahal di pusat kota posisi na, mun dibenahi terus luar stadion dijadikeun pujasera",Netral,1,0,,@yanuardwinugraha,1h,Reply,0
479,Smart city hanya untuk campaign yang mungkin akan di artikan keren dalam content padahal nihil dalam eksekusi.,smart city hanya untuk campaign yang mungkin akan di artikan keren dalam content padahal nihil dalam eksekusi.,Negatif,0,0,nihil,,4h,Komentar,6
491,"bahahahaa sugan teh antek"" papati ndi🤣🤣",bahahahaa sugan teh antek papati ndi,Negatif,0,-2,"hahaha, haha",@rohendi.r20,1h,Reply,0
99,belum semua baru yang sawah nya doang,belum semua baru yang sawah nya doang,Negatif,0,-1,belum,@rendi29nll,1h,Reply,0
211,Hmm Kitu tea wkwk,hmm kitu tea wkwk,Negatif,0,-1,wkwk,,1h,Komentar,0
51,no 2 bener🙌 terlalu gembar gembor smart city. Pdahal digitalisasi na malah bikin ruwet jauh ti kata mempermudah😂🙌,no 2 bener terlalu gembar gembor smart city. pdahal digitalisasi na malah bikin ruwet jauh ti kata mempermudah,Netral,1,0,,@rizkagunawan,4h,Reply,7
172,Terlalu mengutamakan yg tidak penting,terlalu mengutamakan yg tidak penting,Negatif,0,-1,tidak,,14m,Komentar,0
61,teteh ngeuh teu tiap Aya kegiatan apapun Aya si bapa eta 😂,teteh ngeuh teu tiap aya kegiatan apapun aya si bapa eta,Negatif,0,-1,teu,@rizkagunawan,1h,Reply,0
21,Gimmick hungkul😂,gimmick hungkul,Negatif,0,-1,gimmick,,4h,Komentar,17
50,"1. Galian masih ber-operasi 2. Birokrasi semakin ruwet 3. Orang kaya di prioritaskan 4. Insan musa creative diabaikan, akhirnya banyak yang berkreasi diluar Sumedang 5. Kawasan alun-alun berantakan 6. Jalanan ke daerah terpencil rusak rusak tapi selalu di abaikan. Masih banyak sih. Tapi ya udah.","1. galian masih ber-operasi 2. birokrasi semakin ruwet 3. orang kaya di prioritaskan 4. insan musa creative diabaikan, akhirnya banyak yang berkreasi diluar sumedang 5. kawasan alun-alun berantakan 6. jalanan ke daerah terpencil rusak rusak tapi selalu di abaikan. masih banyak sih. tapi ya udah.",Negatif,0,-2,"berantakan, galian",,5h,Komentar,299
351,benta atuh pa @donyahmad.munir,benta atuh pa .munir,Netral,1,0,,,3h,Komentar,0
356,Gaada pengaruh apa2🔥,gaada pengaruh apa2,Netral,1,0,,,3h,Komentar,0
6,asa diwakilan,asa diwakilan,Netral,1,0,,@_galeribuevi,1h,Reply,0
59,Boleh kang.,boleh kang.,Netral,1,0,,@rohendi.r20,2h,Reply,0
151,"Teu apal teu cicing di sumedang soalna, tapi tiap balik ka lmbur jalan butut keneh anu pastimah ""surian""👏","teu apal teu cicing di sumedang soalna, tapi tiap balik ka lmbur jalan butut keneh anu pastimah surian",Negatif,0,-1,butut,,2h,Komentar,1
24,bener pisan😂,bener pisan,Netral,1,0,,@diditsiadit,2h,Reply,0
412,😂😂😂😂,,Netral,1,0,,@sandiandriann,3h,Reply,1
114,🗿🗿🗿🗿🗿,,Netral,1,0,,@randiseptian_,1h,Reply,0
471,Jalan utama barutut keneh picilakaeun padahal pira KA sumkot ti tansar 😂,jalan utama barutut keneh picilakaeun padahal pira ka sumkot ti tansar,Netral,1,0,,,5h,Komentar,5
179,Semrawut,semrawut,Negatif,0,-1,semrawut,,30m,Komentar,0
185,Naha atuh maraneh bet milih,naha atuh maraneh bet milih,Netral,1,0,,,33m,Komentar,0
245,jiga teu boga bupati,jiga teu boga bupati,Negatif,0,-1,teu,,1h,Komentar,0
311,"Jalan awon, motor abi babari benang komstirna 😢","jalan awon, motor abi babari benang komstirna",Negatif,0,-1,awon,,3h,Komentar,0
14,ahh nya kitu tea gning. Naon sok? Mun urang dinyaankn ngomong diarah moal? 😂,ahh nya kitu tea gning. naon sok? mun urang dinyaankn ngomong diarah moal?,Netral,1,0,,@putra_sastranegaraa,1h,Reply,0
272,B aja sihh yakann @skukiong,b aja sihh yakann,Netral,1,0,,,2h,Komentar,0
435,B aja😂,b aja,Netral,1,0,,,4h,Komentar,0
1,Ga ngaruh apa2. 😂,ga ngaruh apa2.,Negatif,0,-1,ga ngaruh,,4h,Komentar,131
91,"Selama pemerintahan dipegang parpol, dinasti politik dan generasi boomer yang kolot, sektor pendidikan dan kesehatan tidak diprioritaskan, infrastruktur kualitasnya cepet rusak, ketimpangan sosial makin lebar jaraknya, sumedang maupun indonesia secara umum akan tetap sulit maju dan bersaing dengan negara2 lain","selama pemerintahan dipegang parpol, dinasti politik dan generasi boomer yang kolot, sektor pendidikan dan kesehatan tidak diprioritaskan, infrastruktur kualitasnya cepet rusak, ketimpangan sosial makin lebar jaraknya, sumedang maupun indonesia secara umum akan tetap sulit maju dan bersaing dengan negara2 lain",Negatif,0,-2,"rusak, tidak, sulit",,3h,Komentar,2
156,AUTO PILOT SUMEDANG MAH TEU KARASA AYA BUPATI AN. TEU HYG KITU ETA NYAANGAN ALUN2.. MEUNI PAROEK JIGA TEMPAT TEU BENER.,auto pilot sumedang mah teu karasa aya bupati an. teu hyg kitu eta nyaangan alun2.. meuni paroek jiga tempat teu bener.,Negatif,0,-2,"teu bener, paroek",,4h,Komentar,3
285,kumaha kang?,kumaha kang?,Netral,1,0,,@fajarhermansah,2h,Reply,0
192,Yaaaa gitu deeeehhh,yaa gitu deehh,Netral,1,0,,,47m,Komentar,0
168,SAHA SIH ANU MILIH JELEMA ETA IH,saha sih anu milih jelema eta ih,Netral,1,0,,,8m,Komentar,0
302,duh naha kitu nya,duh naha kitu nya,Netral,1,0,,@mr.aqshaal,1h,Reply,0
422,Leuleumpangan,leuleumpangan,Netral,1,0,,,4h,Komentar,0
138,"19 juta lapangan pekerjaan Hela kang,ntong waka info loker Hela:v","19 juta lapangan pekerjaan hela kang,ntong waka info loker hela v",Netral,1,0,,@ade_wana_,4h,Reply,0
124,Hmmm ah 😮,hmm ah,Netral,1,0,,,4h,Komentar,1
293,"Alhamdulillah gaduh teknologi anu canggih nu aya di alun-alun, kabupaten lainmah teu bogaeun..😂😂😂","alhamdulillah gaduh teknologi anu canggih nu aya di alun-alun, kabupaten lainmah teu bogaeun..",Negatif,0,-1,alhamdulillah ga,,2h,Komentar,0
166,Duka,duka,Netral,1,0,,,7m,Komentar,0
221,Tidak ada,tidak ada,Negatif,0,-1,tidak,,1h,Komentar,0
214,BOKBROK,bokbrok,Netral,1,0,,,1h,Komentar,0
498,"semoga keluarganya tidak ada yg menjadi ASN P3K PW di Sumedang supaya pada sejahtera, mugi arageung milik, mugi sarehat lancar rezekina😇","semoga keluarganya tidak ada yg menjadi asn p3k pw di sumedang supaya pada sejahtera, mugi arageung milik, mugi sarehat lancar rezekina",Negatif,0,-1,tidak,,5h,Komentar,27
288,15rb rupiah,15rb rupiah,Netral,1,0,,,2h,Komentar,2
274,"yaaa apaa,,pnya apaa sumedang sampe detik ini..gada yg bsa d banggain😐😐","yaa apaa,,pnya apaa sumedang sampe detik ini..gada yg bsa d banggain",Netral,1,0,,@skukiong,15m,Reply,0
226,B aja 🙏🏻,b aja,Netral,1,0,,,1h,Komentar,0
180,Angger we ah asana teh teu ngaruh nanaob,angger we ah asana teh teu ngaruh nanaob,Negatif,0,-1,teu ngaruh,,31m,Komentar,0
402,tong ngasin wae garing tah huntu,tong ngasin wae garing tah huntu,Netral,1,0,,@anef_cs,3h,Reply,0
385,Survey na wak,survey na wak,Netral,1,0,,,4h,Komentar,0
210,ohh gaduh bupati?,ohh gaduh bupati?,Netral,1,0,,,1h,Komentar,0
205,Pencapaiannya adalah Tambang terbanyak di provinsi jabar. Hebat sekali. Isin atuh ku tagline sumedang puseur budaya sunda hehe @donyahmad.munir,pencapaiannya adalah tambang terbanyak di provinsi jabar. hebat sekali. isin atuh ku tagline sumedang puseur budaya sunda hehe .munir,Negatif,0,0,tambang,,1h,Komentar,0
195,teuing ah,teuing ah,Netral,1,0,,,51m,Komentar,0
11,🔥🔥🔥 ke oge benang mun bener mah 😂,ke oge benang mun bener mah,Netral,1,0,,,1h,Komentar,0
266,WILSON LO SIENTO,wilson lo siento,Netral,1,0,,,2h,Komentar,0
200,Teu karaos nanaon 👀,teu karaos nanaon,Negatif,0,-1,teu,,1h,Komentar,3
253,Mending lengser Weh pa rungsing,mending lengser weh pa rungsing,Netral,1,0,,,2h,Komentar,0
383,"Bupati Sumedang no comment ku hiji bupati ieu mah ,lieur Sirah ,jangar Sirah ka uing na ge ,","bupati sumedang no comment ku hiji bupati ieu mah ,lieur sirah ,jangar sirah ka uing na ge ,",Netral,1,0,,,4h,Komentar,0
170,"GA ADA NGARUH APA-APANYA JIRR, cuman bagusin ci gugur doang daa si Dony nya suka jalan kaki kqkqkq","ga ada ngaruh apa-apanya jirr, cuman bagusin ci gugur doang daa si dony nya suka jalan kaki kqkqkq",Negatif,0,-1,ga ada,,9m,Komentar,0
462,"bener teh :""""",bener teh,Netral,1,0,,@syfrnsa_,3h,Reply,0
18,perubahan teh beuki kolot we hungkul,perubahan teh beuki kolot we hungkul,Netral,1,0,,@oeing_ogi,3h,Reply,1
63,weyyy naon tu jalan KA cisoka KA handap rujad tanah warga di pake geo wae rudeet,weyy naon tu jalan ka cisoka ka handap rujad tanah warga di pake geo wae rudeet,Netral,1,0,,@resta666,1h,Reply,0
326,Lami keneh gening nembe ge sataun😭,lami keneh gening nembe ge sataun,Netral,1,0,,,3h,Komentar,0
175,Jalan sih yg nomor utama harus d perbaiki hehehe soalnya merasakan d ciamis hampir sudah bagus sampe ke desa desa jd berasa manfaatnya ke rakyat jg,jalan sih yg nomor utama harus d perbaiki hehehe soalnya merasakan d ciamis hampir sudah bagus sampe ke desa desa jd berasa manfaatnya ke rakyat jg,Positif,2,1,sudah bagus,,17m,Komentar,0
26,tengah na keusik hungkul,tengah na keusik hungkul,Netral,1,0,,@yanuardwinugraha,1h,Reply,0
393,Hmmmmm,hmm,Netral,1,0,,,4h,Komentar,0
269,Masik banyak jalan paroek duh nu matak melang sien begal,masik banyak jalan paroek duh nu matak melang sien begal,Negatif,0,-1,paroek,,2h,Komentar,0
5,bener lagi 😂,bener lagi,Netral,1,0,,@_galeribuevi,2h,Reply,0
150,bahkan jalan rayana ge butut,bahkan jalan rayana ge butut,Negatif,0,-1,butut,@aryasaputraraden,2h,Reply,0
501,"Kitu we angger, 2 periode pdhl 😢","kitu we angger, 2 periode pdhl",Netral,1,0,,,5h,Komentar,19
17,"Aya nu berubah kitu geus sataun teh?? Geura hudang jang, tibra teuing sare teh..","aya nu berubah kitu geus sataun teh?? geura hudang jang, tibra teuing sare teh..",Netral,1,0,,,4h,Komentar,15
297,kumaha nya 😂😂,kumaha nya,Netral,1,0,,,2h,Komentar,0
455,😂,,Netral,1,0,,@irma.dewi.agustin,4h,Reply,1
346,"Sue, jalan barurut","sue, jalan barurut",Netral,1,0,,,3h,Komentar,0
322,Jalan barolong tj kerta + cisarua,jalan barolong tj kerta cisarua,Netral,1,0,,,3h,Komentar,0
217,Tenang masih ada 4 tahun lagi kedepan yakan Bu @liafadila_ 😂,tenang masih ada 4 tahun lagi kedepan yakan bu,Netral,1,0,,,1h,Komentar,0
28,😂😂😂,,Netral,1,0,,@yanuardwinugraha,29m,Reply,0
263,😅😅,,Netral,1,0,,,2h,Komentar,0
204,Ga kerasa apapun. Apa yg ditampilkan di sosmed ternyata tidak sama dengan kenyataan 🤭,ga kerasa apapun. apa yg ditampilkan di sosmed ternyata tidak sama dengan kenyataan,Negatif,0,-1,tidak,,1h,Komentar,6
108,gada referensi euy 😂,gada referensi euy,Netral,1,0,,@renaldnr,1h,Reply,0
392,Nggak guna,nggak guna,Netral,1,0,,,4h,Komentar,0
286,gada referensi euy 😂,gada referensi euy,Netral,1,0,,@renaldnr,1h,Reply,0
35,"Alhamdulillah min karaos pisan manfaatna, abdi janten jago naek motor, sabab sering gucat gicet ngahindar jalang bolong","alhamdulillah min karaos pisan manfaatna, abdi janten jago naek motor, sabab sering gucat gicet ngahindar jalang bolong",Netral,1,0,,,5h,Komentar,46
65,😅,,Netral,1,0,,@rendi29nll,1h,Reply,0
489,minim sdmnya,minim sdmnya,Negatif,0,-1,minim,@rizkagunawan,1h,Reply,0
495,pin komentar na min pin,pin komentar na min pin,Netral,1,0,,@rizkagunawan,25m,Reply,0
361,"Nyari komen yg positif, ternyata GA ADA 😂😂😂😂😂😂😂😂 Pemimpin yg dirindukan rakyat 🤪🤪","nyari komen yg positif, ternyata ga ada pemimpin yg dirindukan rakyat",Negatif,0,-1,ga ada,,3h,Komentar,0
79,"Punten.. upami sholad ied sumping na tong siang teuing sareng tong seueur teuing sambutan, hawatos jama'ah anu bade netepan 🙏","punten.. upami sholad ied sumping na tong siang teuing sareng tong seueur teuing sambutan, hawatos jama'ah anu bade netepan",Netral,1,0,,,50m,Komentar,1
334,Lampu merah Bojonh ts 2periode kitu w pecak 😂,lampu merah bojonh ts 2periode kitu w pecak,Netral,1,0,,,3h,Komentar,3
135,"Banyak omon"",.jalan pasirhuni -jingkang ancur @. Pa donyahmad.munir","banyak omon ,.jalan pasirhuni -jingkang ancur . pa donyahmad.munir",Negatif,0,-1,ancur,,5h,Komentar,4
181,Seueur kneh jalan rusak pa 🙏,seueur kneh jalan rusak pa,Negatif,0,-1,jalan rusak,,32m,Komentar,0
159,😂😂😂,,Netral,1,0,,,4h,Komentar,0
374,sttt bilih ke Aya buzzer na nyerang 😂,stt bilih ke aya buzzer na nyerang,Netral,1,0,,@_galeribuevi,3h,Reply,1
149,Tong boro daerah terpencil JALAN2 DI JATINANGOR BARUTUT KABEH SOK SEBUT JALAN MANA DI JTNANGOR NU ALUS,tong boro daerah terpencil jalan2 di jatinangor barutut kabeh sok sebut jalan mana di jtnangor nu alus,Negatif,0,0,jalan mana,,2h,Komentar,1
167,bacaan Tah hiji-hiji,bacaan tah hiji-hiji,Netral,1,0,,@donyahmad.munir,8m,Reply,0
461,"Kurang puas, khususnya dari segi mensejahterakan guru😢","kurang puas, khususnya dari segi mensejahterakan guru",Negatif,0,0,kurang,,4h,Komentar,53
9,aslina 😂,aslina,Netral,1,0,,@_galeribuevi,11m,Reply,0
93,Butut,butut,Negatif,0,-1,butut,,4h,Komentar,2
85,duh naha kitu nya,duh naha kitu nya,Netral,1,0,,@mr.aqshaal,1h,Reply,0
100,rumah saya disini saya lebih tau,rumah saya disini saya lebih tau,Netral,1,0,,@rendi29nll,1h,Reply,0
144,"iya bener kak, rawan titajong😭","iya bener kak, rawan titajong",Netral,1,0,,@astrie.inst,4h,Reply,0
390,teu kenging kitu dodot awon eta th,teu kenging kitu dodot awon eta th,Negatif,0,-1,awon,@ooodottt,2h,Reply,0
238,Jalan masih jelek,jalan masih jelek,Negatif,0,-1,jelek,,1h,Komentar,0
74,😂😂😂😂,,Netral,1,0,,@sandiandriann,3h,Reply,1
143,Alun2 paroek,alun2 paroek,Negatif,0,-1,paroek,,5h,Komentar,21
146,"nyaa masa sapanjang jalan KA alun2 ghe pjuna mati, aku srg moment di akun bupati tapi ya GTO .. paroekkkk poekk","nyaa masa sapanjang jalan ka alun2 ghe pjuna mati, aku srg moment di akun bupati tapi ya gto .. paroekk poekk",Negatif,0,-1,paroek,@astrie.inst,3h,Reply,0
183,Gak ada rasanya,gak ada rasanya,Negatif,0,-1,gak ada,,32m,Komentar,0
202,Rek saha nu mimpin eweh pengaruh na. Lapar mah angger we neangan dahar sorangan.,rek saha nu mimpin eweh pengaruh na. lapar mah angger we neangan dahar sorangan.,Netral,1,0,,,1h,Komentar,0
301,rata-rata banyak destinasi pariwisatanya mati,rata-rata banyak destinasi pariwisatanya mati,Netral,1,0,,,3h,Komentar,0
104,"jln raya anu saena mah jln propvinsi kang, upami jln kabupaten sumedangna mah masih seueur pisan nu awon 😢🙌","jln raya anu saena mah jln propvinsi kang, upami jln kabupaten sumedangna mah masih seueur pisan nu awon",Negatif,0,-1,awon,@ipeyz17photography,3h,Reply,2
142,😂😂😂😂😂 teuas ieu komen..,teuas ieu komen..,Netral,1,0,,@ardpaf08,4h,Reply,1
237,"Coba tolong audit mereka & kades² seluruh desa di sumedang, dana desa makin gk jelas kemana di pakai nya 😂","coba tolong audit mereka kades² seluruh desa di sumedang, dana desa makin gk jelas kemana di pakai nya",Netral,1,0,,,1h,Komentar,0
476,punten pa ieu jalan nu ka cigintung masih awon,punten pa ieu jalan nu ka cigintung masih awon,Negatif,0,-1,awon,,5h,Komentar,1
182,Jalan Sumedang husus na cadas pangeran paroeeekkkkkk,jalan sumedang husus na cadas pangeran paroeekk,Netral,1,0,,,32m,Komentar,0
70,"bener teh :""""",bener teh,Netral,1,0,,@syfrnsa_,3h,Reply,0
32,😂😂😂,,Netral,1,0,,@saget.saestu,6m,Reply,0
318,rumah saya disini saya lebih tau,rumah saya disini saya lebih tau,Netral,1,0,,@rendi29nll,1h,Reply,0
125,ripuh boosss ahh loba pencitraan ...semut di seberang lautan tampak gajah di pelupuk mata tak tampak,ripuh booss ahh loba pencitraan ..semut di seberang lautan tampak gajah di pelupuk mata tak tampak,Negatif,0,-1,pencitraan,@ramaaulia_77,1h,Reply,1
325,"Jalan masih poek, LAPORAN PJU PAREUM TIDAK ADA TINDAK LANJUT","jalan masih poek, laporan pju pareum tidak ada tindak lanjut",Negatif,0,-1,tidak,,3h,Komentar,0
57,semunya benarr😐😐,semunya benarr,Netral,1,0,,@rizkagunawan,2h,Reply,0
283,"Cukup bagus kepemimpinnan bapa bupati, lebih bagus jangan nyalon lagi pa nya plissss🙏🙏🙏🙏🙏","cukup bagus kepemimpinnan bapa bupati, lebih bagus jangan nyalon lagi pa nya pliss",Positif,2,1,bagus,,2h,Komentar,4
407,"nu kampanye na paling islami lain bupati teh ? agama jadi kedok, eusina wadul mungkul 😂","nu kampanye na paling islami lain bupati teh ? agama jadi kedok, eusina wadul mungkul",Netral,1,0,,,4h,Komentar,32
347,Teu acan aya perubahan asa angger wae ti taun ka tahun,teu acan aya perubahan asa angger wae ti taun ka tahun,Negatif,0,-1,teu,,3h,Komentar,0
360,🤣🤣. no komen. sien,. no komen. sien,Netral,1,0,,@gamaswara.dr,1h,Reply,0
187,Jalan jatinunggal anggeur buttut😂,jalan jatinunggal anggeur buttut,Netral,1,0,,,36m,Komentar,0
219,"Katanya guru mau di perhatikan, tapi nyatanya tidak😢","katanya guru mau di perhatikan, tapi nyatanya tidak",Negatif,0,-1,tidak,,1h,Komentar,0
273,"aslina sam, jajauheun ka nga alusan jalan pelosok alun alun ge paroek Jeung pabalatak. cek Ig pribadinamah komenna positif tapi eta ge komen buzzee wkekwkekwkw","aslina sam, jajauheun ka nga alusan jalan pelosok alun alun ge paroek jeung pabalatak. cek ig pribadinamah komenna positif tapi eta ge komen buzzee wkekwkekwkw",Negatif,0,-1,paroek,@resta666,1h,Reply,1
160,Wkwk,wkwk,Negatif,0,-1,wkwk,,3h,Komentar,0
72,Alhamdulillah ada perubahan dari P3 ke Gerinda 🔥,alhamdulillah ada perubahan dari p3 ke gerinda,Positif,2,1,alhamdulillah ada perubahan,,4h,Komentar,34
235,"Alhamdulilah ada perubahan , dari P3 ke GERINDRA , selebih nya ttep sama Selagi gembel dan orang gila masih berkeliaran di penjuru kota ,berti kota kita masih minim ekonomi !!","alhamdulilah ada perubahan , dari p3 ke gerindra , selebih nya ttep sama selagi gembel dan orang gila masih berkeliaran di penjuru kota ,berti kota kita masih minim ekonomi !!",Negatif,0,-1,gila,,1h,Komentar,0
194,"Punten.. upami sholad ied sumping na tong siang teuing sareng tong seueur teuing sambutan, hawatos jama'ah anu bade netepan 🙏","punten.. upami sholad ied sumping na tong siang teuing sareng tong seueur teuing sambutan, hawatos jama'ah anu bade netepan",Netral,1,0,,,50m,Komentar,1
366,Ancur,ancur,Negatif,0,-1,ancur,,3h,Komentar,0
327,Lapangan kerja kuranggggggggg,lapangan kerja kurangg,Negatif,0,-1,lapangan kerja kurang,,3h,Komentar,0
23,😬😬😬,,Netral,1,0,,@ayuurii,3h,Reply,0
141,😂,,Netral,1,0,,@irma.dewi.agustin,4h,Reply,1
86,Teu ngaruh nanaon ah,teu ngaruh nanaon ah,Negatif,0,-1,teu ngaruh,,5h,Komentar,5
411,sejauh ini yg paling jauh 😂,sejauh ini yg paling jauh,Netral,1,0,,@sandiandriann,4h,Reply,3
66,di Walker kita kawan di politik mah beda deui wkwkwkwk manawi ath pa janten ASN abdi 😂,di walker kita kawan di politik mah beda deui wkwkwkwk manawi ath pa janten asn abdi,Negatif,0,-2,"wkwkwk, wkwk",@resta666,1h,Reply,0
258,"Naonnn nya, asa b aja :))))","naonn nya, asa b aja",Netral,1,0,,,2h,Komentar,0
324,EWH PABRIK DI SUMEDANG ??????,ewh pabrik di sumedang ??,Netral,1,0,,,3h,Komentar,0
236,Yg sejahtera dulur deketnya aja 😂😂😂 ! IZIN min 🙏,yg sejahtera dulur deketnya aja ! izin min,Netral,1,0,,,1h,Komentar,0
244,doa nu sami kanggo kang ibam 🙏,doa nu sami kanggo kang ibam,Netral,1,0,,@ibamhariri,1h,Reply,0
222,"Mun sayur asem mah teu uyah teu gula, hambarr 😂","mun sayur asem mah teu uyah teu gula, hambarr",Negatif,0,-1,teu,,1h,Komentar,0
295,Tong boro daerah terpencil JALAN2 DI JATINANGOR BARUTUT KABEH SOK SEBUT JALAN MANA DI JTNANGOR NU ALUS,tong boro daerah terpencil jalan2 di jatinangor barutut kabeh sok sebut jalan mana di jtnangor nu alus,Negatif,0,0,jalan mana,,2h,Komentar,1
84,rata-rata banyak destinasi pariwisatanya mati,rata-rata banyak destinasi pariwisatanya mati,Netral,1,0,,,3h,Komentar,0
36,"Mugia diperhatoskeun perawatan jalan ti ciromed-giriasih cinanjung-rancabawang-cikandang -pagaden tanjungsari atos mulai seueur anu bolong, bilih langkung awon di engkekeun mah. Cc. @dedimulyadi71 @donyahmad.munir","mugia diperhatoskeun perawatan jalan ti ciromed-giriasih cinanjung-rancabawang-cikandang -pagaden tanjungsari atos mulai seueur anu bolong, bilih langkung awon di engkekeun mah. cc. .munir",Negatif,0,-1,awon,,4h,Komentar,2
414,aksi nyata 😂,aksi nyata,Netral,1,0,,@sandiandriann,2h,Reply,1
127,🤣🤣. no komen. sien,. no komen. sien,Netral,1,0,,@gamaswara.dr,1h,Reply,0
212,"Coba jalan2 ka kabupaten2 sebelah, liat fasilitas2 kesehatan, alun2nya, jalannya. Maka akan keliatan ga ada perubahannya kota sumedang 😂😂😂😂","coba jalan2 ka kabupaten2 sebelah, liat fasilitas2 kesehatan, alun2nya, jalannya. maka akan keliatan ga ada perubahannya kota sumedang",Negatif,0,-2,"ga ada perubahan, ga ada",,1h,Komentar,0
165,😂,,Netral,1,0,,,6m,Komentar,0
48,leres pisan jalan cut nyak Dhien seueur jalan berlubang matak melang nu nyandak kendaraan,leres pisan jalan cut nyak dhien seueur jalan berlubang matak melang nu nyandak kendaraan,Negatif,0,-1,jalan berlubang,@ekujo_,2h,Reply,0
33,Teu karaos nanaon 👀,teu karaos nanaon,Negatif,0,-1,teu,,1h,Komentar,3
224,Tanjungsari - jatinangor TEU KACABAK PISAN !! Jalan barutut,tanjungsari - jatinangor teu kacabak pisan !! jalan barutut,Negatif,0,-1,jalan barutut,,1h,Komentar,0
129,punten pa ieu jalan nu ka cigintung masih awon,punten pa ieu jalan nu ka cigintung masih awon,Negatif,0,-1,awon,,5h,Komentar,1
64,"bahahahaa sugan teh antek"" papati ndi🤣🤣",bahahahaa sugan teh antek papati ndi,Negatif,0,-2,"hahaha, haha",@rohendi.r20,1h,Reply,0
229,Teu aya karaos na pribados pribadi mah,teu aya karaos na pribados pribadi mah,Negatif,0,-1,teu aya,,1h,Komentar,0
488,teteh ngeuh teu tiap Aya kegiatan apapun Aya si bapa eta 😂,teteh ngeuh teu tiap aya kegiatan apapun aya si bapa eta,Negatif,0,-1,teu,@rizkagunawan,1h,Reply,0
336,Sami wae🙏🏻,sami wae,Netral,1,0,,,3h,Komentar,0
111,"yaaa apaa,,pnya apaa sumedang sampe detik ini..gada yg bsa d banggain😐😐","yaa apaa,,pnya apaa sumedang sampe detik ini..gada yg bsa d banggain",Netral,1,0,,@skukiong,15m,Reply,0
133,"Kitu we angger, 2 periode pdhl 😢","kitu we angger, 2 periode pdhl",Netral,1,0,,,5h,Komentar,19
103,Alhamdulillah ada perubahan terutama di fasilitas umum seperti jalan raya. Tp saya pribadi merasa kalau ini terjadi karena faktor utamanya kinerja Gubernur baru Jawa Barat. Moment baik buat para Bupati di Jawa Barat. 👏,alhamdulillah ada perubahan terutama di fasilitas umum seperti jalan raya. tp saya pribadi merasa kalau ini terjadi karena faktor utamanya kinerja gubernur baru jawa barat. moment baik buat para bupati di jawa barat.,Positif,2,1,alhamdulillah ada perubahan,,4h,Komentar,25
34,Kiw ah nu ngalih PARPOL hahahaha,kiw ah nu ngalih parpol hahahaha,Negatif,0,-2,"hahaha, haha",,9m,Komentar,0
174,"cik menurut abdoel kumaha, menurut abi mah sae keneh kadus ahyar","cik menurut abdoel kumaha, menurut abi mah sae keneh kadus ahyar",Positif,2,1,sae,@abdoel_022,16m,Reply,0
313,Eweuh ah 🙄,eweuh ah,Netral,1,0,,,3h,Komentar,0
331,"Tutub,Kitu Kitu wae","tutub,kitu kitu wae",Negatif,0,-1,kitu wae,,3h,Komentar,0
45,"Sumedang selatan we tingali loba jalan rusak,eweuh lampu2 acan","sumedang selatan we tingali loba jalan rusak,eweuh lampu2 acan",Negatif,0,-1,jalan rusak,,4h,Komentar,39
317,belum semua baru yang sawah nya doang,belum semua baru yang sawah nya doang,Negatif,0,-1,belum,@rendi29nll,1h,Reply,0
130,Ah eweuh kamajuan aslina,ah eweuh kamajuan aslina,Netral,1,0,,,4h,Komentar,1
348,Te ngaruh ka tomo mah asa angger bae😁,te ngaruh ka tomo mah asa angger bae,Netral,1,0,,,3h,Komentar,0
54,terakhir urng komen soal kbjikan nepi ka di post ig urng 😂,terakhir urng komen soal kbjikan nepi ka di post ig urng,Netral,1,0,,@rizkagunawan,3h,Reply,0
89,UMR badig lapangan gawe minim doy ah,umr badig lapangan gawe minim doy ah,Negatif,0,-1,minim,@andribukhori28,50m,Reply,0
134,Aweh perubahan nguruskeun KTP/ kawin ge rarudet dikecamatanmah,aweh perubahan nguruskeun ktp kawin ge rarudet dikecamatanmah,Netral,1,0,,,2h,Komentar,1
394,ga gimna gimna,ga gimna gimna,Netral,1,0,,,4h,Komentar,0
434,"Alhamdulillah jalan mulusss karaos pisan nyaleri awakna, wkwkwk","alhamdulillah jalan muluss karaos pisan nyaleri awakna, wkwkwk",Negatif,0,-2,"wkwkwk, wkwk",,4h,Komentar,0
475,😂😂😂,,Netral,1,0,,@saget.saestu,6m,Reply,0
355,B aja,b aja,Netral,1,0,,,3h,Komentar,0
101,brsykur d klau mau sat set bkin sndri 😂,brsykur d klau mau sat set bkin sndri,Netral,1,0,,@ersanurf_,1h,Reply,0
399,"Hampir semua pejabat cuma mau enak nya aja tanpa melakukan apa apa😂, kalau mau di urus dengan tepat kudu viral dulu wkw","hampir semua pejabat cuma mau enak nya aja tanpa melakukan apa apa , kalau mau di urus dengan tepat kudu viral dulu wkw",Positif,2,1,tepat,,4h,Komentar,0
193,"Mohon izin sedikit memberikan evaluasi atas satu tahun kepemimpinan Bupati dan Wakil Bupati Sumedang. Saat ini, masih banyak jalan yang kondisinya rusak parah. Selain itu, penyaluran bantuan sosial seringkali tidak tepat sasaran. Pengelolaan wisata Bendungan Jatigede pun belum maksimal dan belum dimanfaatkan dengan baik. Padahal, Jatigede memiliki potensi besar untuk menjadi destinasi wisata yang dikenal luas secara nasional maupun internasional.dll @donyahmad.munir","mohon izin sedikit memberikan evaluasi atas satu tahun kepemimpinan bupati dan wakil bupati sumedang. saat ini, masih banyak jalan yang kondisinya rusak parah. selain itu, penyaluran bantuan sosial seringkali tidak tepat sasaran. pengelolaan wisata bendungan jatigede pun belum maksimal dan belum dimanfaatkan dengan baik. padahal, jatigede memiliki potensi besar untuk menjadi destinasi wisata yang dikenal luas secara nasional maupun internasional.dll .munir",Positif,2,1,"baik, tepat",,49m,Komentar,2
400,"Aya nu berubah kitu geus sataun teh?? Geura hudang jang, tibra teuing sare teh..","aya nu berubah kitu geus sataun teh?? geura hudang jang, tibra teuing sare teh..",Netral,1,0,,,4h,Komentar,15
58,Bade di tambahan moal 😂 ku urang,bade di tambahan moal ku urang,Netral,1,0,,@resta666,2h,Reply,0
328,Gak ada,gak ada,Negatif,0,-1,gak ada,,3h,Komentar,0
329,Hudang ah sbner nya didinya teh ngawakilan rakyat teh Tina naon na? Wakill rakyatt teh kudunamah bawahan rakyat Lin?? tingali Jatinangor Aya nu rubah?? Eweuhh 😂,hudang ah sbner nya didinya teh ngawakilan rakyat teh tina naon na? wakill rakyatt teh kudunamah bawahan rakyat lin?? tingali jatinangor aya nu rubah?? eweuhh,Netral,1,0,,,3h,Komentar,0
335,"tidak ada yg berubah sibuk mencari kekayaan ,teu ciga bupati subang nu wani sidak galian galian ilegal .mobil gede tiisuk nepika beurang pabeulit matak macet pusing .","tidak ada yg berubah sibuk mencari kekayaan ,teu ciga bupati subang nu wani sidak galian galian ilegal .mobil gede tiisuk nepika beurang pabeulit matak macet pusing .",Negatif,0,-1,galian,,3h,Komentar,0
410,Alhamdulillah ada perubahan dari P3 ke Gerinda 🔥,alhamdulillah ada perubahan dari p3 ke gerinda,Positif,2,1,alhamdulillah ada perubahan,,4h,Komentar,34
92,"Tutub,Kitu Kitu wae","tutub,kitu kitu wae",Negatif,0,-1,kitu wae,,3h,Komentar,0
487,"maneh mah antek"" na ndi ahh😝😝🤣🤣",maneh mah antek na ndi ahh,Netral,1,0,,@rohendi.r20,1h,Reply,0
184,Dewek mah hanteu nyoblos,dewek mah hanteu nyoblos,Netral,1,0,,,33m,Komentar,0
492,😅,,Netral,1,0,,@rendi29nll,1h,Reply,0
117,Lampu merah Bojonh ts 2periode kitu w pecak 😂,lampu merah bojonh ts 2periode kitu w pecak,Netral,1,0,,,3h,Komentar,3
496,Teu ngaruh nanaon ah,teu ngaruh nanaon ah,Negatif,0,-1,teu ngaruh,,5h,Komentar,5
353,pak...,pak..,Netral,1,0,,@donyahmad.munir,3h,Reply,0
309,jalan butut ah,jalan butut ah,Negatif,0,-1,butut,,3h,Komentar,0
312,Keadilan bagi seluruh kapitalis,keadilan bagi seluruh kapitalis,Netral,1,0,,,3h,Komentar,0
290,tengah na keusik hungkul,tengah na keusik hungkul,Netral,1,0,,@yanuardwinugraha,1h,Reply,0
87,Jiga waduk,jiga waduk,Netral,1,0,,,4h,Komentar,4
98,udh d perbaiki aplgi ynk dket sawahny,udh d perbaiki aplgi ynk dket sawahny,Netral,1,0,,@ersanurf_,1h,Reply,0
388,AUTO PILOT SUMEDANG MAH TEU KARASA AYA BUPATI AN. TEU HYG KITU ETA NYAANGAN ALUN2.. MEUNI PAROEK JIGA TEMPAT TEU BENER.,auto pilot sumedang mah teu karasa aya bupati an. teu hyg kitu eta nyaangan alun2.. meuni paroek jiga tempat teu bener.,Negatif,0,-2,"teu bener, paroek",,4h,Komentar,3
116,B aja 🙏🏻,b aja,Netral,1,0,,,1h,Komentar,0
460,Mantap,mantap,Positif,2,1,mantap,,4h,Komentar,0
379,aslina 😂,aslina,Netral,1,0,,@_galeribuevi,11m,Reply,0
267,Asa angger wae,asa angger wae,Netral,1,0,,,2h,Komentar,0
465,"iya bener kak, rawan titajong😭","iya bener kak, rawan titajong",Netral,1,0,,@astrie.inst,4h,Reply,0
247,🗿🗿🗿🗿🗿,,Netral,1,0,,@randiseptian_,1h,Reply,0
139,"info loker ada di instagram disnakertrans sumedang, job fair mini juga diadakan per triwulan","info loker ada di instagram disnakertrans sumedang, job fair mini juga diadakan per triwulan",Netral,1,0,,@ade_wana_,4h,Reply,0
442,Hese ah min hyg gaduh padamelan di sumedang. Mending kaluar kota wae,hese ah min hyg gaduh padamelan di sumedang. mending kaluar kota wae,Netral,1,0,,,4h,Komentar,8
173,Teu ngaruh 2 periode oge teu karasa pisan epekn naon.manfaatma naon???,teu ngaruh 2 periode oge teu karasa pisan epekn naon.manfaatma naon??,Negatif,0,-1,teu ngaruh,,14m,Komentar,0
298,Sumedang timur barolong min jalana,sumedang timur barolong min jalana,Netral,1,0,,,2h,Komentar,0
198,Parah......,parah..,Negatif,0,-1,parah,,54m,Komentar,0
121,"adub cakeut, salam baktos kang, keren aslina kang ibam, sukses selalu yaa 🔥🔥","adub cakeut, salam baktos kang, keren aslina kang ibam, sukses selalu yaa",Positif,2,1,sukses selalu,@ibamhariri,1h,Reply,0
306,Berubah pesat dari ppp ke gerindra 😂,berubah pesat dari pp ke gerindra,Netral,1,0,,,3h,Komentar,0
277,Naon nyak? 🤔,naon nyak?,Netral,1,0,,,2h,Komentar,3
425,biarkan bejo memasak🔥🔥🔥,biarkan bejo memasak,Netral,1,0,,@ekujo_,2h,Reply,1
55,"gak ada peningkatan, malah kemunduran 😢","gak ada peningkatan, malah kemunduran",Negatif,0,-1,gak ada,@rizkagunawan,3h,Reply,3
199,B aja ah teu ngaruh,b aja ah teu ngaruh,Negatif,0,-1,teu ngaruh,,55m,Komentar,0
316,udh d perbaiki aplgi ynk dket sawahny,udh d perbaiki aplgi ynk dket sawahny,Netral,1,0,,@ersanurf_,1h,Reply,0
250,Pertanyaan yang ga usah di tanyakan,pertanyaan yang ga usah di tanyakan,Netral,1,0,,,1h,Komentar,0
228,Gentos pami tiasamh,gentos pami tiasamh,Netral,1,0,,,1h,Komentar,0
234,Nub,nub,Netral,1,0,,,1h,Komentar,0
88,teu kenging kitu dodot awon eta th,teu kenging kitu dodot awon eta th,Negatif,0,-1,awon,@ooodottt,2h,Reply,0
340,ceuk edo kmha? Ceuk urang mah alus keneh RT bangkit,ceuk edo kmha? ceuk urang mah alus keneh rt bangkit,Positif,2,1,alus,@edoramdhan,3h,Reply,0
153,Kalah loba curanmorr,kalah loba curanmorr,Netral,1,0,,,4h,Komentar,2
260,B ajah,b ajah,Netral,1,0,,,2h,Komentar,1
413,ini fakta,ini fakta,Netral,1,0,,@sandiandriann,2h,Reply,1
255,Perubahan dari P3 Ke Gerindra 😂,perubahan dari p3 ke gerindra,Netral,1,0,,,2h,Komentar,0
118,Nyaa kitu weh ~,nyaa kitu weh,Netral,1,0,,,1h,Komentar,1
154,Jalan barutut jeng paroek,jalan barutut jeng paroek,Negatif,0,-2,"jalan barutut, paroek",,4h,Komentar,5
136,Jalan masih jelek,jalan masih jelek,Negatif,0,-1,jelek,,3h,Komentar,2
137,Info loker di Sumedang na mana?,info loker di sumedang na mana?,Netral,1,0,,,4h,Komentar,4
448,Biasa aja kitu2 keneh we teu ngaruh,biasa aja kitu2 keneh we teu ngaruh,Negatif,0,-1,teu ngaruh,,4h,Komentar,0
249,"Teu aya nanaon mang ,kantun bumbuna hungkul","teu aya nanaon mang ,kantun bumbuna hungkul",Negatif,0,-1,teu aya,,1h,Komentar,0
188,gede wadul hungkul,gede wadul hungkul,Netral,1,0,,,36m,Komentar,0
243,nuhun a aen… sehat sehat a 🙌,nuhun a aen sehat sehat a,Positif,2,1,nuhun,@aenmuhamadkarnaen,1h,Reply,0
433,6 tahun da ngalanjutken,6 tahun da ngalanjutken,Netral,1,0,,,4h,Komentar,0
246,TERNAK BUZZEERRRRR,ternak buzzeerr,Netral,1,0,,,1h,Komentar,1
398,bener pisan😂,bener pisan,Netral,1,0,,@diditsiadit,2h,Reply,0
62,minim sdmnya,minim sdmnya,Negatif,0,-1,minim,@rizkagunawan,1h,Reply,0
110,"aslina sam, jajauheun ka nga alusan jalan pelosok alun alun ge paroek Jeung pabalatak. cek Ig pribadinamah komenna positif tapi eta ge komen buzzee wkekwkekwkw","aslina sam, jajauheun ka nga alusan jalan pelosok alun alun ge paroek jeung pabalatak. cek ig pribadinamah komenna positif tapi eta ge komen buzzee wkekwkekwkw",Negatif,0,-1,paroek,@resta666,1h,Reply,1
223,🔥🔥🔥 ke oge benang mun bener mah 😂,ke oge benang mun bener mah,Netral,1,0,,,1h,Komentar,0
450,😂,,Netral,1,0,,@mayangwangi,4h,Reply,1
303,TEU NGARUH😂,teu ngaruh,Negatif,0,-1,teu ngaruh,,3h,Komentar,0
396,"pa tong langsung di ulti pak, gimmict konten ma no 1😂😂😂","pa tong langsung di ulti pak, gimmict konten ma no 1",Netral,1,0,,@diditsiadit,3h,Reply,2
294,"Anggeur ee euweuh robahna min, hanas we ku 2 periodena, angger we kitu kitu keneh min ahh.","anggeur ee euweuh robahna min, hanas we ku 2 periodena, angger we kitu kitu keneh min ahh.",Negatif,0,-1,kitu keneh,,2h,Komentar,0
344,"Mun nyebut ANGGER RIPUH...moal nanaon kitu?? Mun nanaon mh.....rek nyebut, hebat, berprestasi, sesuai keinginan masyarakat.","mun nyebut angger ripuh..moal nanaon kitu?? mun nanaon mh..rek nyebut, hebat, berprestasi, sesuai keinginan masyarakat.",Positif,2,1,hebat,,3h,Komentar,0
49,lain nyolok t imah srngan hyng lampu mah,lain nyolok t imah srngan hyng lampu mah,Netral,1,0,,@ekujo_,1h,Reply,0
389,Jiga waduk,jiga waduk,Netral,1,0,,,4h,Komentar,4
176,"Taros kanu pro na min ,manawi aya karaos na","taros kanu pro na min ,manawi aya karaos na",Netral,1,0,,,17m,Komentar,0
254,Saha ieu ?,saha ieu ?,Netral,1,0,,,2h,Komentar,0
449,Ga ngaruh apa2. 😂,ga ngaruh apa2.,Negatif,0,-1,ga ngaruh,,4h,Komentar,131
375,bener lagi 😂,bener lagi,Netral,1,0,,@_galeribuevi,2h,Reply,0
445,biasa wae da🥱,biasa wae da,Netral,1,0,,,4h,Komentar,0
420,Awowowowowok,awowowowowok,Netral,1,0,,,4h,Komentar,0
337,Gak ada pengaruh apa2,gak ada pengaruh apa2,Negatif,0,-1,gak ada,,3h,Komentar,0
163,Biasa aja,biasa aja,Netral,1,0,,,4h,Komentar,1
115,"inpo loker buzzeer manawi, atanapi dapur embege @donyahmad.munir","inpo loker buzzeer manawi, atanapi dapur embege .munir",Netral,1,0,,@danisuryaal,1h,Reply,0
20,b aja:),b aja,Netral,1,0,,,3h,Komentar,4
30,aya robah. Nu bahela di partai p3 ayena ka partai gurinda,aya robah. nu bahela di partai p3 ayena ka partai gurinda,Netral,1,0,,@adrian_maulanaraka,4h,Reply,4
40,"semoga keluarganya tidak ada yg menjadi ASN P3K PW di Sumedang supaya pada sejahtera, mugi arageung milik, mugi sarehat lancar rezekina😇","semoga keluarganya tidak ada yg menjadi asn p3k pw di sumedang supaya pada sejahtera, mugi arageung milik, mugi sarehat lancar rezekina",Negatif,0,-1,tidak,,5h,Komentar,27
429,Wkwk,wkwk,Negatif,0,-1,wkwk,,3h,Komentar,0
490,weyyy naon tu jalan KA cisoka KA handap rujad tanah warga di pake geo wae rudeet,weyy naon tu jalan ka cisoka ka handap rujad tanah warga di pake geo wae rudeet,Netral,1,0,,@resta666,1h,Reply,0
119,kang ibam sumedangna palih mana ? Abi barudak simamaung oge yeuh 😂,kang ibam sumedangna palih mana ? abi barudak simamaung oge yeuh,Netral,1,0,,@ibamhariri,1h,Reply,0
464,Alun2 paroek,alun2 paroek,Negatif,0,-1,paroek,,5h,Komentar,21
15,resep ningali komen😂,resep ningali komen,Netral,1,0,,,1h,Komentar,2
39,Oh tos sataun nya? Asa teu karaos nanaon nya punten 🙏😂,oh tos sataun nya? asa teu karaos nanaon nya punten,Negatif,0,-1,teu,,4h,Komentar,6
474,seeur probihan atuh kang nu tadina ke RK RK an ayeuna mah ke KDM KDM an. Nu tadina PPP ayeuna mah gerindra.. nu tadina Hayarang PPPK ayeuna mh malikir 2x da gajihna 15rb..Nu kitu2 wae mah mah rahayatna weh nu teu aya robih mah nya tata kota na weh kitu2 keneh... jalan ka lembur nya kitu2 keneh weh.. 😂,seeur probihan atuh kang nu tadina ke rk rk an ayeuna mah ke kdm kdm an. nu tadina pp ayeuna mah gerindra.. nu tadina hayarang ppk ayeuna mh malikir 2x da gajihna 15rb..nu kitu2 wae mah mah rahayatna weh nu teu aya robih mah nya tata kota na weh kitu2 keneh.. jalan ka lembur nya kitu2 keneh weh..,Negatif,0,-1,teu aya,@adrian_maulanaraka,3h,Reply,3
292,😂😂😂,,Netral,1,0,,@yanuardwinugraha,29m,Reply,0
44,Oh ieu teh bupati jeng wakil bupati ? Suganteh artos atau seniman soalna Aya wae diposter kegiatan seni,oh ieu teh bupati jeng wakil bupati ? suganteh artos atau seniman soalna aya wae diposter kegiatan seni,Netral,1,0,,,1h,Komentar,0
408,waduliyah,waduliyah,Netral,1,0,,@izanmaulana_,2h,Reply,3
46,jl. Gunasari poek meredong 😮,jl. gunasari poek meredong,Netral,1,0,,@ekujo_,3h,Reply,0
339,Geus di up deui wae si horeng😂,geus di up deui wae si horeng,Netral,1,0,,,3h,Komentar,0
42,Hese ah min hyg gaduh padamelan di sumedang. Mending kaluar kota wae,hese ah min hyg gaduh padamelan di sumedang. mending kaluar kota wae,Netral,1,0,,,4h,Komentar,8
415,😂🤭,,Netral,1,0,,@rikiseptiawan,1h,Reply,2
391,UMR badig lapangan gawe minim doy ah,umr badig lapangan gawe minim doy ah,Negatif,0,-1,minim,@andribukhori28,50m,Reply,0
443,leres 👏,leres,Netral,1,0,,@_yopiseptian,3h,Reply,0
319,brsykur d klau mau sat set bkin sndri 😂,brsykur d klau mau sat set bkin sndri,Netral,1,0,,@ersanurf_,1h,Reply,0
369,"Gak berani melawan PSN geothermal gn tampomas mah, payah","gak berani melawan psn geothermal gn tampomas mah, payah",Negatif,0,-1,payah,,4h,Komentar,5
321,yg saya liat cuma ceremony dan pencitraan saja. sisanya org sumedang masing2 jg pemerintah,yg saya liat cuma ceremony dan pencitraan saja. sisanya org sumedang masing2 jg pemerintah,Negatif,0,-1,pencitraan,,3h,Komentar,0
95,ceuk edo kmha? Ceuk urang mah alus keneh RT bangkit,ceuk edo kmha? ceuk urang mah alus keneh rt bangkit,Positif,2,1,alus,@edoramdhan,3h,Reply,0
106,B ajah,b ajah,Netral,1,0,,,2h,Komentar,1
446,Biasa aja,biasa aja,Netral,1,0,,,4h,Komentar,1
231,Usum hujaaaan nu puguh mah ...nu benghar2 nu miskin2,usum hujaan nu puguh mah ..nu benghar2 nu miskin2,Netral,1,0,,,1h,Komentar,0
83,😂😂😂😂,,Netral,1,0,,@muhamadrizal_15,29m,Reply,0
494,@donyahmad.munir tah dangukeun,.munir tah dangukeun,Netral,1,0,,@rizkagunawan,44m,Reply,0
82,"Cukup bagus kepemimpinnan bapa bupati, lebih bagus jangan nyalon lagi pa nya plissss🙏🙏🙏🙏🙏","cukup bagus kepemimpinnan bapa bupati, lebih bagus jangan nyalon lagi pa nya pliss",Positif,2,1,bagus,,2h,Komentar,4
373,"ceuk keluarga jeung dulurna mh puas mreun da di barere jabatan, ari urg mh da ukur rakyat","ceuk keluarga jeung dulurna mh puas mreun da di barere jabatan, ari urg mh da ukur rakyat",Negatif,0,0,puas mreun,,4h,Komentar,54
404,"Tong nepi ka nyalon keun deui , jalan barutut keneh di plosok2 smd 😂","tong nepi ka nyalon keun deui , jalan barutut keneh di plosok2 smd",Negatif,0,-1,jalan barutut,,4h,Komentar,0
270,"Banyak yang pelayanan digital, bukannya ditingkatkan diperbaiki lagi untuk mempermudah, ini malah makin banyak macamnya","banyak yang pelayanan digital, bukannya ditingkatkan diperbaiki lagi untuk mempermudah, ini malah makin banyak macamnya",Netral,1,0,,,2h,Komentar,1
437,2 periode angka hungkul 😂😂😂,2 periode angka hungkul,Netral,1,0,,,4h,Komentar,0
364,Jalan masih jelek,jalan masih jelek,Negatif,0,-1,jelek,,3h,Komentar,2
330,Biasa aja,biasa aja,Netral,1,0,,,3h,Komentar,0
31,seeur probihan atuh kang nu tadina ke RK RK an ayeuna mah ke KDM KDM an. Nu tadina PPP ayeuna mah gerindra.. nu tadina Hayarang PPPK ayeuna mh malikir 2x da gajihna 15rb..Nu kitu2 wae mah mah rahayatna weh nu teu aya robih mah nya tata kota na weh kitu2 keneh... jalan ka lembur nya kitu2 keneh weh.. 😂,seeur probihan atuh kang nu tadina ke rk rk an ayeuna mah ke kdm kdm an. nu tadina pp ayeuna mah gerindra.. nu tadina hayarang ppk ayeuna mh malikir 2x da gajihna 15rb..nu kitu2 wae mah mah rahayatna weh nu teu aya robih mah nya tata kota na weh kitu2 keneh.. jalan ka lembur nya kitu2 keneh weh..,Negatif,0,-1,teu aya,@adrian_maulanaraka,3h,Reply,3
8,wkwkwkwk😂,wkwkwkwk,Negatif,0,-2,"wkwkwk, wkwk",@itsupriatnaandy,1h,Reply,0
201,"Jalan lingkar wado darmaraja poek tibaheula ewh lampuan, jalan barutut,","jalan lingkar wado darmaraja poek tibaheula ewh lampuan, jalan barutut,",Negatif,0,-1,jalan barutut,,1h,Komentar,0
131,gaji guru honorer masih 250.000,gaji guru honorer masih 250.00,Netral,1,0,,,4h,Komentar,6
451,Info loker di Sumedang na mana?,info loker di sumedang na mana?,Netral,1,0,,,4h,Komentar,4
282,Tidak ada yang spesial,tidak ada yang spesial,Negatif,0,-1,tidak,,2h,Komentar,0
423,"Sumedang selatan we tingali loba jalan rusak,eweuh lampu2 acan","sumedang selatan we tingali loba jalan rusak,eweuh lampu2 acan",Negatif,0,-1,jalan rusak,,4h,Komentar,39
430,2 periode hasil nya apa??,2 periode hasil nya apa??,Netral,1,0,,,4h,Komentar,0
362,"padahal baheula berharap pisan tong nepi ka kapilih deui... sabab gs kacontoan ti periode kamarina, kitu tea kitu keneh, jeung tibelasan taun katukang sumedang mah kieu2 we hungkul, teu bisa dipake usaha nu bisa ngahirupan, bisa oge pas pas an, aya nu bareunghar ge bareunghar tidituna lain anyaran saruksesna... urng alhamdulillah bisa nere gawean ka sbbrhahiji jlma, ku sbbrhiji pngusahaan, ka hayang mah bisa loba mere gawean ka jlma2 lain tapi kumaha kamampuana can bisa, sakieu ge meunang tibabaranting sorangan sama sekali teu dibantu ku pamarentah, kahayang teh pamarentah nu boga lengkah panjang nu bisa ngusahakwun kuma carana sangkan rakyatna bisa arusaha atawa digarawe, lain kalah hayng kapuji ku gawean nu teu dirasakeun manfaatna ku rakyat, komo masalah teknologi smart city jeung tektek bengek na,, rakyat mah teu ngarasaan mang nu karitu teh, nu aya kalahka beuki riweuh ku birokrasina... cik lah da jadi pamingpin mah mreun dikenal ku loba jelema, wewenang na gede, bisa mreun ngalobi2 pengusaha/orng2 beunghar/orang2 terkenal, perusahaan2, tah dareukeutan nu karitu teh lobi ngarah sina investasi/nanam modal dikota sumedang, kenalkeun keunggulan2 masyarakat/sdm na, kenalkeun keunggulan SDA na, jeung didik SDM na, kelola SDA na, ngarah bisa kapake di olah dijadikeun piduiteun ngarah aya manfaatna jang masyarakatana oge... didinya saribuk tapi rakyat caralohok teu ngarti ku hasil pagaweana...","padahal baheula berharap pisan tong nepi ka kapilih deui.. sabab gs kacontoan ti periode kamarina, kitu tea kitu keneh, jeung tibelasan taun katukang sumedang mah kieu2 we hungkul, teu bisa dipake usaha nu bisa ngahirupan, bisa oge pas pas an, aya nu bareunghar ge bareunghar tidituna lain anyaran saruksesna.. urng alhamdulillah bisa nere gawean ka sbbrhahiji jlma, ku sbbrhiji pngusahaan, ka hayang mah bisa loba mere gawean ka jlma2 lain tapi kumaha kamampuana can bisa, sakieu ge meunang tibabaranting sorangan sama sekali teu dibantu ku pamarentah, kahayang teh pamarentah nu boga lengkah panjang nu bisa ngusahakwun kuma carana sangkan rakyatna bisa arusaha atawa digarawe, lain kalah hayng kapuji ku gawean nu teu dirasakeun manfaatna ku rakyat, komo masalah teknologi smart city jeung tektek bengek na,, rakyat mah teu ngarasaan mang nu karitu teh, nu aya kalahka beuki riweuh ku birokrasina.. cik lah da jadi pamingpin mah mreun dikenal ku loba jelema, wewenang na gede, bisa mreun ngalobi2 pengusaha orng2 beunghar orang2 terkenal, perusahaan2, tah dareukeutan nu karitu teh lobi ngarah sina investasi nanam modal dikota sumedang, kenalkeun keunggulan2 masyarakat sdm na, kenalkeun keunggulan sda na, jeung didik sdm na, kelola sda na, ngarah bisa kapake di olah dijadikeun piduiteun ngarah aya manfaatna jang masyarakatana oge.. didinya saribuk tapi rakyat caralohok teu ngarti ku hasil pagaweana..",Negatif,0,-1,kitu keneh,,3h,Komentar,0
78,"99% kritik baca disetiap komen postingan 2 akun sumedang, mudah2an dievaluasi jangan nunggu viral terus diciduk pa KDM, isin 🙌","99 kritik baca disetiap komen postingan 2 akun sumedang, mudah2an dievaluasi jangan nunggu viral terus diciduk pa kdm, isin",Netral,1,0,,,4h,Komentar,7
80,"Duka naon nya,manawi th teu gaduh bupati","duka naon nya,manawi th teu gaduh bupati",Negatif,0,-1,teu,,4h,Komentar,3
208,Ripuh jalan goreng,ripuh jalan goreng,Netral,1,0,,,1h,Komentar,0
349,"gak berasa punya bupati, eh maaf.. jalan depan rumah masuk jalan kabupaten tp ah sudah lah.. mau minta diperbaiki jg gak bakal di denger trs diperbaiki.. soalnya yg di utamain yg deket pusatnya doang.. maaf klo salah","gak berasa punya bupati, eh maaf.. jalan depan rumah masuk jalan kabupaten tp ah sudah lah.. mau minta diperbaiki jg gak bakal di denger trs diperbaiki.. soalnya yg di utamain yg deket pusatnya doang.. maaf klo salah",Netral,1,0,,,3h,Komentar,0
41,Masih kirang min ah,masih kirang min ah,Netral,1,0,,,4h,Komentar,0
436,Request Tempat pembuangan akhir yang proper selain di kaki gunung Tampomas dong ngeri jiga tragedi Leuwi gajah,request tempat pembuangan akhir yang proper selain di kaki gunung tampomas dong ngeri jiga tragedi leuwi gajah,Netral,1,0,,,4h,Komentar,0
197,"jalan ke plosok jarang di liat,masih banyak yg belum di kunjungi duh","jalan ke plosok jarang di liat,masih banyak yg belum di kunjungi duh",Negatif,0,-1,belum,,53m,Komentar,0
382,Moal komen. Rek seuri we ah 🤣🤣🤣🤣🤣,moal komen. rek seuri we ah,Netral,1,0,,,4h,Komentar,0
350,GAGAL,gagal,Negatif,0,-1,gagal,,3h,Komentar,0
10,🤭🤭🤭,,Netral,1,0,,@_galeribuevi,7m,Reply,0
406,"singkat, padat, butut😂","singkat, padat, butut",Negatif,0,-1,butut,@tarzaanhijrah,1h,Reply,0
7,tos dulu kita 🖐️,tos dulu kita,Netral,1,0,,@tacicimey,1h,Reply,1
463,Bagus ada perubahan cuman perubahanans pas KDM menjabat..,bagus ada perubahan cuman perubahanans pas kdm menjabat..,Positif,2,1,bagus,,4h,Komentar,0
367,"Teu ngadukung ieu, tp tetep we kena imbasna😢","teu ngadukung ieu, tp tetep we kena imbasna",Negatif,0,-1,teu,,3h,Komentar,0
439,Teu apal nu mana bupati jeung wakil na oge,teu apal nu mana bupati jeung wakil na oge,Negatif,0,-1,teu,,4h,Komentar,0
190,Malah lanjut part 2 😢,malah lanjut part 2,Netral,1,0,,,41m,Komentar,0
248,"inpo loker buzzeer manawi, atanapi dapur embege @donyahmad.munir","inpo loker buzzeer manawi, atanapi dapur embege .munir",Netral,1,0,,@danisuryaal,1h,Reply,0
358,Prubahan pindah prtai min,prubahan pindah prtai min,Netral,1,0,,,3h,Komentar,0
473,aya robah. Nu bahela di partai p3 ayena ka partai gurinda,aya robah. nu bahela di partai p3 ayena ka partai gurinda,Netral,1,0,,@adrian_maulanaraka,4h,Reply,4
162,tidak ada perubahan Sumedang mah Kitu keneh wae,tidak ada perubahan sumedang mah kitu keneh wae,Negatif,0,-2,"tidak ada perubahan, kitu keneh",@nunuunun,4h,Reply,0
281,"Ari mayar pajak taunan naha kudu aya wae KTP pemilik motor, ?? Padahal mastarakat teh rek mere duit lain rek menta duit, kebijakan macam apa ini??","ari mayar pajak taunan naha kudu aya wae ktp pemilik motor, ?? padahal mastarakat teh rek mere duit lain rek menta duit, kebijakan macam apa ini??",Netral,1,0,,,2h,Komentar,0
207,Naon atuh nya,naon atuh nya,Netral,1,0,,,1h,Komentar,0
218,Tos Bade 2 periode pa Donny teu Aya perubahan jalan masih seer nu butut 😢,tos bade 2 periode pa donny teu aya perubahan jalan masih seer nu butut,Negatif,0,-2,"teu aya, butut",,1h,Komentar,0
16,Naon nyak? 🤔,naon nyak?,Netral,1,0,,,2h,Komentar,3
123,doa nu sami kanggo kang ibam 🙏,doa nu sami kanggo kang ibam,Netral,1,0,,@ibamhariri,1h,Reply,0
457,Hmmmm biasa aja,hmm biasa aja,Netral,1,0,,,4h,Komentar,1
81,"Mohon izin sedikit memberikan evaluasi atas satu tahun kepemimpinan Bupati dan Wakil Bupati Sumedang. Saat ini, masih banyak jalan yang kondisinya rusak parah. Selain itu, penyaluran bantuan sosial seringkali tidak tepat sasaran. Pengelolaan wisata Bendungan Jatigede pun belum maksimal dan belum dimanfaatkan dengan baik. Padahal, Jatigede memiliki potensi besar untuk menjadi destinasi wisata yang dikenal luas secara nasional maupun internasional.dll @donyahmad.munir","mohon izin sedikit memberikan evaluasi atas satu tahun kepemimpinan bupati dan wakil bupati sumedang. saat ini, masih banyak jalan yang kondisinya rusak parah. selain itu, penyaluran bantuan sosial seringkali tidak tepat sasaran. pengelolaan wisata bendungan jatigede pun belum maksimal dan belum dimanfaatkan dengan baik. padahal, jatigede memiliki potensi besar untuk menjadi destinasi wisata yang dikenal luas secara nasional maupun internasional.dll .munir",Positif,2,1,"baik, tepat",,49m,Komentar,2
345,"Punten"" pami tiasa jujur antara periode 1 dan 2, periode ke 2 semakin turun.🙌","punten pami tiasa jujur antara periode 1 dan 2, periode ke 2 semakin turun.",Positif,2,1,jujur,,3h,Komentar,0
300,"Kitu"" keneh bae 2 periode ge ah, angger galian pasir mah beroprasi kneh ke nungguan aya kajadian kakara di tutup🥱punten ah🙏","kitu keneh bae 2 periode ge ah, angger galian pasir mah beroprasi kneh ke nungguan aya kajadian kakara di tutup punten ah",Negatif,0,-3,"galian pasir, kitu keneh, galian",,3h,Komentar,0
105,Ga kerasa apapun. Apa yg ditampilkan di sosmed ternyata tidak sama dengan kenyataan 🤭,ga kerasa apapun. apa yg ditampilkan di sosmed ternyata tidak sama dengan kenyataan,Negatif,0,-1,tidak,,1h,Komentar,6
256,bingung komen apah...,bingung komen apah..,Netral,1,0,,,2h,Komentar,0
73,sejauh ini yg paling jauh 😂,sejauh ini yg paling jauh,Netral,1,0,,@sandiandriann,4h,Reply,3
220,Abdi Oge damel di Tangerang saking sesahna padamelan di Sumedang mah eta sih harus di utamakan😂,abdi oge damel di tangerang saking sesahna padamelan di sumedang mah eta sih harus di utamakan,Netral,1,0,,,1h,Komentar,0
497,B aja,b aja,Netral,1,0,,,5h,Komentar,2
280,Emang gaduh bupati Sumedang teh ?,emang gaduh bupati sumedang teh ?,Netral,1,0,,,2h,Komentar,0
47,biarkan bejo memasak🔥🔥🔥,biarkan bejo memasak,Netral,1,0,,@ekujo_,2h,Reply,1
102,brthap ap ap juga bkn stu doank ynk jlek 😢,brthap ap ap juga bkn stu doank ynk jlek,Netral,1,0,,@ersanurf_,1h,Reply,0
352,"Tidak ada perubahan jalan jelek, lampu paroek, ekonomi stuck, lapangan pekerjaan jarang👏","tidak ada perubahan jalan jelek, lampu paroek, ekonomi stuck, lapangan pekerjaan jarang",Negatif,0,-2,"tidak ada perubahan, paroek",,3h,Komentar,1
112,"apal tihang nu di alun alun? Anu Aya drone an eta ge asalnya te izin KA pemilik tanah ngerakeun anjir 😹 Kade pak di serang buzzerna, urang ge pernah di DM wkwkwk samaruk sieun tapi di nyaankeun mah no respon wkwk","apal tihang nu di alun alun? anu aya drone an eta ge asalnya te izin ka pemilik tanah ngerakeun anjir kade pak di serang buzzerna, urang ge pernah di dm wkwkwk samaruk sieun tapi di nyaankeun mah no respon wkwk",Negatif,0,-2,"wkwkwk, wkwk",@resta666,12m,Reply,0
241,cimalaka a,cimalaka a,Netral,1,0,,@aenmuhamadkarnaen,1h,Reply,1
276,eweh pangaruh. eweh perubahan. enya ge saya di jatinangor sumedang paling ujung,eweh pangaruh. eweh perubahan. enya ge saya di jatinangor sumedang paling ujung,Netral,1,0,,,2h,Komentar,0
416,Oh tos sataun nya? Asa teu karaos nanaon nya punten 🙏😂,oh tos sataun nya? asa teu karaos nanaon nya punten,Negatif,0,-1,teu,,4h,Komentar,6
225,Gak ada perubahan😢,gak ada perubahan,Negatif,0,-2,"gak ada perubahan, gak ada",,1h,Komentar,0
458,b aja😂,b aja,Netral,1,0,,,4h,Komentar,0
419,Jalan barutut jeng paroek,jalan barutut jeng paroek,Negatif,0,-2,"jalan barutut, paroek",,4h,Komentar,5
145,huhu,huhu,Netral,1,0,,@haeramlk,4h,Reply,0
251,"Puas pisan , PUAS NU MILIH SI ETA KARASA AYENA KUMAHA 2 PERIODE SAUKUR HAAHAAA HIIIHIII DOANG , EWEH PERUBAHAN , KOMO PELOSOK2 SUMEDANG , kota leutik teu bisa ngurus , aya ngabangun jalan sapotong2 bari kualitas butut di gerus cai hujan oge nyengled deui 😂 , saukur pencitraan , raos calik ngamenak di korsi jabatan paduli teuing rakyat mh rek kumaha wae oge , 😂","puas pisan , puas nu milih si eta karasa ayena kumaha 2 periode saukur haahaa hiihii doang , eweh perubahan , komo pelosok2 sumedang , kota leutik teu bisa ngurus , aya ngabangun jalan sapotong2 bari kualitas butut di gerus cai hujan oge nyengled deui , saukur pencitraan , raos calik ngamenak di korsi jabatan paduli teuing rakyat mh rek kumaha wae oge ,",Negatif,0,-1,"pencitraan, butut",,1h,Komentar,0
432,gaji guru honorer masih 250.000,gaji guru honorer masih 250.00,Netral,1,0,,,4h,Komentar,6
19,tong ngasin wae garing tah huntu,tong ngasin wae garing tah huntu,Netral,1,0,,@anef_cs,3h,Reply,0
343,"Aya drone anu wissssss naik patroli, tapi angger abi mah ngala artos ngarantau da teu terang lowongan kerja disumedang","aya drone anu wiss naik patroli, tapi angger abi mah ngala artos ngarantau da teu terang lowongan kerja disumedang",Negatif,0,-1,teu,,3h,Komentar,0
67,@donyahmad.munir tah dangukeun,.munir tah dangukeun,Netral,1,0,,@rizkagunawan,44m,Reply,0
22,"pa tong langsung di ulti pak, gimmict konten ma no 1😂😂😂","pa tong langsung di ulti pak, gimmict konten ma no 1",Netral,1,0,,@diditsiadit,3h,Reply,2
320,brthap ap ap juga bkn stu doank ynk jlek 😢,brthap ap ap juga bkn stu doank ynk jlek,Netral,1,0,,@ersanurf_,1h,Reply,0
287,"Teu apal teu cicing di sumedang soalna, tapi tiap balik ka lmbur jalan butut keneh anu pastimah ""surian""👏","teu apal teu cicing di sumedang soalna, tapi tiap balik ka lmbur jalan butut keneh anu pastimah surian",Negatif,0,-1,butut,,2h,Komentar,1
403,"Mugia diperhatoskeun perawatan jalan ti ciromed-giriasih cinanjung-rancabawang-cikandang -pagaden tanjungsari atos mulai seueur anu bolong, bilih langkung awon di engkekeun mah. Cc. @dedimulyadi71 @donyahmad.munir","mugia diperhatoskeun perawatan jalan ti ciromed-giriasih cinanjung-rancabawang-cikandang -pagaden tanjungsari atos mulai seueur anu bolong, bilih langkung awon di engkekeun mah. cc. .munir",Negatif,0,-1,awon,,4h,Komentar,2
480,no 6 leres pisan,no 6 leres pisan,Netral,1,0,,@rizkagunawan,4h,Reply,2
426,leres pisan jalan cut nyak Dhien seueur jalan berlubang matak melang nu nyandak kendaraan,leres pisan jalan cut nyak dhien seueur jalan berlubang matak melang nu nyandak kendaraan,Negatif,0,-1,jalan berlubang,@ekujo_,2h,Reply,0
395,Gimmick hungkul😂,gimmick hungkul,Negatif,0,-1,gimmick,,4h,Komentar,17
469,astagfirullah,astagfirullah,Netral,1,0,,@novamerlianaaa,3h,Reply,0
284,😂😂😂😂,,Netral,1,0,,@muhamadrizal_15,29m,Reply,0
25,"Stadion Ahmad Yani kitu kitu keneh, jiga lapangan adu bagong komo mun hujan #izinnnnnnnn🙇🏻‍♂️🙏🏻","stadion ahmad yani kitu kitu keneh, jiga lapangan adu bagong komo mun hujan",Negatif,0,-1,kitu keneh,,2h,Komentar,19
338,"Seureur gimik ,pusat layanan masyarakat rudet ku birokrasi ,","seureur gimik ,pusat layanan masyarakat rudet ku birokrasi ,",Netral,1,0,,,3h,Komentar,0
424,jl. Gunasari poek meredong 😮,jl. gunasari poek meredong,Netral,1,0,,@ekujo_,3h,Reply,0
368,"Selama pemerintahan dipegang parpol, dinasti politik dan generasi boomer yang kolot, sektor pendidikan dan kesehatan tidak diprioritaskan, infrastruktur kualitasnya cepet rusak, ketimpangan sosial makin lebar jaraknya, sumedang maupun indonesia secara umum akan tetap sulit maju dan bersaing dengan negara2 lain","selama pemerintahan dipegang parpol, dinasti politik dan generasi boomer yang kolot, sektor pendidikan dan kesehatan tidak diprioritaskan, infrastruktur kualitasnya cepet rusak, ketimpangan sosial makin lebar jaraknya, sumedang maupun indonesia secara umum akan tetap sulit maju dan bersaing dengan negara2 lain",Negatif,0,-2,"rusak, tidak, sulit",,3h,Komentar,2
56,tp anehnya asa jarang kacarioskeun/kenging kritikan ti gubernur.. nu karaos pisan mah eta kang no.2 sareng no.6,tp anehnya asa jarang kacarioskeun kenging kritikan ti gubernur.. nu karaos pisan mah eta kang no.2 sareng no.6,Netral,1,0,,@rizkagunawan,3h,Reply,1
378,wkwkwkwk😂,wkwkwkwk,Negatif,0,-2,"wkwkwk, wkwk",@itsupriatnaandy,1h,Reply,0
452,"19 juta lapangan pekerjaan Hela kang,ntong waka info loker Hela:v","19 juta lapangan pekerjaan hela kang,ntong waka info loker hela v",Netral,1,0,,@ade_wana_,4h,Reply,0
2,😂,,Netral,1,0,,@mayangwangi,4h,Reply,1
120,cimalaka a,cimalaka a,Netral,1,0,,@aenmuhamadkarnaen,1h,Reply,1
484,semunya benarr😐😐,semunya benarr,Netral,1,0,,@rizkagunawan,2h,Reply,0
233,ahh nya kitu tea gning. Naon sok? Mun urang dinyaankn ngomong diarah moal? 😂,ahh nya kitu tea gning. naon sok? mun urang dinyaankn ngomong diarah moal?,Netral,1,0,,@putra_sastranegaraa,1h,Reply,0
155,Jalan utama barutut keneh picilakaeun padahal pira KA sumkot ti tansar 😂,jalan utama barutut keneh picilakaeun padahal pira ka sumkot ti tansar,Netral,1,0,,,5h,Komentar,5
122,nuhun a aen… sehat sehat a 🙌,nuhun a aen sehat sehat a,Positif,2,1,nuhun,@aenmuhamadkarnaen,1h,Reply,0
132,15rb rupiah,15rb rupiah,Netral,1,0,,,2h,Komentar,2
264,Aya pa pindah partaii tea gening,aya pa pindah partaii tea gening,Netral,1,0,,,2h,Komentar,0
12,Bhaaaaaaaap,bhaap,Netral,1,0,,,9m,Komentar,0
90,"Nu puguh mah teuacan aya karaosna, nembe kahartos ukur Narasi, can bisa neangan Finansial pikeun ngawangun Masyarakat Sumedang...","nu puguh mah teuacan aya karaosna, nembe kahartos ukur narasi, can bisa neangan finansial pikeun ngawangun masyarakat sumedang..",Netral,1,0,,,3h,Komentar,2
94,"singkat, padat, butut😂","singkat, padat, butut",Negatif,0,-1,butut,@tarzaanhijrah,1h,Reply,0
405,Butut,butut,Negatif,0,-1,butut,,4h,Komentar,2
417,Hmmm ah 😮,hmm ah,Netral,1,0,,,4h,Komentar,1
43,leres 👏,leres,Netral,1,0,,@_yopiseptian,3h,Reply,0
441,tidak ada perubahan Sumedang mah Kitu keneh wae,tidak ada perubahan sumedang mah kitu keneh wae,Negatif,0,-2,"tidak ada perubahan, kitu keneh",@nunuunun,4h,Reply,0
13,Sok kumaha pendapat na @bastiard.noct 😂,sok kumaha pendapat na .noct,Netral,1,0,,,1h,Komentar,0
