{
  "nama_dataset": "SENTALIS — Instagram Comment Sentiment Dataset",
  "sumber": "@inimahsumedang (Instagram)",
  "konteks": "Komentar postingan evaluasi setahun kepemimpinan Bupati Sumedang",
  "bahasa": [
    "Indonesia",
    "Sunda",
    "campuran"
  ],
  "metode_labeling": "Rule-based (keyword + frasa, hierarki negatif → positif → netral)",
  "catatan": "Label bersifat estimasi otomatis, belum diverifikasi manusia penuh",
  "statistik": {
    "total_sampel": 502,
    "distribusi_label": {
      "Netral": 307,
      "Negatif": 171,
      "Positif": 24
    },
    "distribusi_label_id": {
      "1": 307,
      "0": 171,
      "2": 24
    },
    "rata_panjang_teks": 51.8,
    "rata_jumlah_kata": 8.7,
    "teks_terpendek": 0,
    "teks_terpanjang": 1409
  },
  "skema_label": {
    "0 = Negatif": "Komentar mengandung kritik, kekecewaan, atau sentimen buruk",
    "1 = Netral": "Komentar faktual, ambigu, atau tidak mengandung muatan emosi jelas",
    "2 = Positif": "Komentar mengandung apresiasi, dukungan, atau sentimen baik"
  },
  "kolom_ml_utama": {
    "teks_bersih": "Input untuk model (sudah di-preprocess)",
    "label": "Target label string (Negatif/Netral/Positif)",
    "label_id": "Target label angka (0/1/2) untuk ML"
  },
  "file_tersedia": [
    "dataset_ml.csv       — dataset lengkap",
    "dataset_ml.xlsx      — dataset + sheet ringkasan",
    "dataset_ml.json      — format JSON records",
    "dataset_ml.jsonl     — format Hugging Face/OpenAI",
    "dataset_train.csv    — 80% untuk training",
    "dataset_test.csv     — 20% untuk evaluasi"
  ],
  "rekomendasi_ml_selanjutnya": [
    "TF-IDF + Naive Bayes (baseline cepat)",
    "TF-IDF + SVM (akurasi lebih baik)",
    "IndoBERT fine-tuning (terbaik untuk bahasa Indonesia)",
    "Pertimbangkan human annotation untuk meningkatkan kualitas label"
  ]
}